{
  "id": "1622152",
  "name": "网易云音乐",
  "font_family": "iconfont",
  "css_prefix_text": "icon-",
  "description": "",
  "glyphs": [
    {
      "icon_id": "2285132",
      "name": "多人",
      "font_class": "duoren",
      "unicode": "e610",
      "unicode_decimal": 58896
    },
    {
      "icon_id": "2772516",
      "name": "视频",
      "font_class": "shipin1",
      "unicode": "e602",
      "unicode_decimal": 58882
    },
    {
      "icon_id": "8224464",
      "name": "音乐",
      "font_class": "yinyue",
      "unicode": "e600",
      "unicode_decimal": 58880
    },
    {
      "icon_id": "8533092",
      "name": "我 的",
      "font_class": "sself",
      "unicode": "e633",
      "unicode_decimal": 58931
    },
    {
      "icon_id": "12071137",
      "name": "网易云音乐_自制",
      "font_class": "logo-dark",
      "unicode": "e622",
      "unicode_decimal": 58914
    }
  ]
}
